,count,mean,std,min,25%,50%,75%,max,iqr
performance_score_num,3000.0,3.002,0.5532612698152286,1.0,3.0,3.0,3.0,4.0,0.0
current_rating,3000.0,2.969,1.0150775639429104,1.0,2.0,3.0,3.0,5.0,1.0
